{"h":[-1.1035387144837064e-18,-1.1359533756567265e-18],"t":[1126259452.400879,1126259452.401123]}