{"h":[-1.1147539910831388e-18,-1.1147539910831388e-18],"t":[1126259452.4013672,1126259452.4013672]}