{"h":[-1.1166183031386369e-18,-1.1057805635667384e-18,-1.0657808790127795e-18,-1.0565210284460996e-18],"t":[1126259452.3999023,1126259452.4001465,1126259452.4003906,1126259452.4006348]}